{"model_name": "Gradient Boost", "best_params": {"classifier__learning_rate": 0.1, "classifier__max_depth": 3, "classifier__n_estimators": 300}, "best_score": 0.45587784768295103, "confusion_matrix": {"_type": "image-file", "sha256": "3ec0299d63e26c73389741607ddeca67d2731ff9c02026110b528a870a32e424", "size": 26458, "path": "media/images/confusion_matrix_2_3ec0299d63e26c733897.png", "format": "png", "width": 1000, "height": 700}, "roc_curve": {"_type": "image-file", "sha256": "66298eb0c441ce0cbb0ad15148d1c6ecb2c8a5f3d881a0233b702ed38fb39d16", "size": 39023, "path": "media/images/roc_curve_2_66298eb0c441ce0cbb0a.png", "format": "png", "width": 1000, "height": 700}, "precision": 0.680296363433476, "recall": 0.2767885898320681, "f1_score": 0.3837902585676292, "fraction": 0.2, "_timestamp": 1693255974.4796522, "_runtime": 7985.754072189331, "_step": 2, "_wandb": {"runtime": 8004}}