{"model_name": "Gradient Boosting", "best_params": {"gradientboostingclassifier__learning_rate": 0.05, "gradientboostingclassifier__max_depth": 3, "gradientboostingclassifier__n_estimators": 200}, "best_score": 0.44475461967068897, "confusion_matrix": {"_type": "image-file", "sha256": "f3a66798e9aeaf6c1b26d08d61818b0f787d57e130a15b58fe93c8c4523a894d", "size": 26810, "path": "media/images/confusion_matrix_0_f3a66798e9aeaf6c1b26.png", "format": "png", "width": 1000, "height": 700}, "roc_curve": {"_type": "image-file", "sha256": "cf154132331bbe8df2b2ce94210f5ca0f8e51d1fd12590d642aa52d822e8d386", "size": 39930, "path": "media/images/roc_curve_0_cf154132331bbe8df2b2.png", "format": "png", "width": 1000, "height": 700}, "precision": 0.47966775273421375, "recall": 0.42356851553381153, "f1_score": 0.4280404680223087, "fraction": 0.3, "_timestamp": 1692172430.694001, "_runtime": 20459.11286997795, "_step": 0, "_wandb": {"runtime": 20457}}