{"model_name": "Random Forest", "best_params": {"randomforestclassifier__max_depth": 10, "randomforestclassifier__min_samples_leaf": 2, "randomforestclassifier__min_samples_split": 2, "randomforestclassifier__n_estimators": 100}, "best_score": 0.42243366047483527, "confusion_matrix": {"_type": "image-file", "sha256": "24b37dbdf0f15caa2431275289884c82e29c161c20ba6d7886f0946723dd4f57", "size": 22451, "path": "media/images/confusion_matrix_3_24b37dbdf0f15caa2431.png", "format": "png", "width": 1000, "height": 700}, "roc_curve": {"_type": "image-file", "sha256": "0c94c51f276a8ded1efd846554e9010e0dfda30fb15b7c355ef254ced7c69093", "size": 38180, "path": "media/images/roc_curve_3_0c94c51f276a8ded1efd.png", "format": "png", "width": 1000, "height": 700}, "precision": 0.41217659690230407, "recall": 0.32508087562871507, "f1_score": 0.35504562865437167, "fraction": 0.1, "_timestamp": 1692067924.621569, "_runtime": 1012.3766648769379, "_step": 3, "_wandb": {"runtime": 3392}}