{"model_name": "Gradient Boost", "best_params": {"classifier__learning_rate": 0.1, "classifier__max_depth": 3, "classifier__n_estimators": 300}, "best_score": 0.44189882032724703, "confusion_matrix": {"_type": "image-file", "sha256": "919bc2e1a3abd195e052b230ea4dbdf8b8cd11a5289df365002e6ef39461b9cc", "size": 25020, "path": "media/images/confusion_matrix_8_919bc2e1a3abd195e052.png", "format": "png", "width": 1000, "height": 700}, "roc_curve": {"_type": "image-file", "sha256": "c827671bb97eb4bd3ece165bc88c733176d638db375039aee925ec330c083d71", "size": 39137, "path": "media/images/roc_curve_8_c827671bb97eb4bd3ece.png", "format": "png", "width": 1000, "height": 700}, "precision": 0.6866132106427385, "recall": 0.27115325263193985, "f1_score": 0.3787723895081566, "fraction": 0.3, "_timestamp": 1693208038.122689, "_runtime": 14707.596920967102, "_step": 8, "_wandb": {"runtime": 54651}}