{"model_name": "Gradient Boost", "best_params": {"classifier__learning_rate": 0.1, "classifier__max_depth": 3, "classifier__n_estimators": 300}, "best_score": 0.4595862624870123, "confusion_matrix": {"_type": "image-file", "sha256": "acf694c1e1cd701b8fa2b014d3e20666a3b37c4f5565c6c724024d7d34c10b27", "size": 25858, "path": "media/images/confusion_matrix_2_acf694c1e1cd701b8fa2.png", "format": "png", "width": 1000, "height": 700}, "roc_curve": {"_type": "image-file", "sha256": "f0f503d2006eae8d85f4be10af1544fd175ba63628628418d5c536c25644eea5", "size": 38719, "path": "media/images/roc_curve_2_f0f503d2006eae8d85f4.png", "format": "png", "width": 1000, "height": 700}, "precision": 0.366923061466177, "recall": 0.5899700943179205, "f1_score": 0.4281604270283537, "fraction": 0.2, "_timestamp": 1693440659.228354, "_runtime": 5247.4330360889435, "_step": 2, "_wandb": {"runtime": 5465}}