{"model_name": "Gradient Boosting", "best_params": {"gradientboostingclassifier__learning_rate": 0.05, "gradientboostingclassifier__max_depth": 3, "gradientboostingclassifier__n_estimators": 300}, "best_score": 0.44618834424692666, "confusion_matrix": {"_type": "image-file", "sha256": "5992cc2bdc4d70a754fa56251f08eade164093039d13c25191a5163d84a19381", "size": 25647, "path": "media/images/confusion_matrix_8_5992cc2bdc4d70a754fa.png", "format": "png", "width": 1000, "height": 700}, "roc_curve": {"_type": "image-file", "sha256": "0e000136cd5d4a71e474b1f858a7dea5992a3b14d9b45960dbc8214fcbbd3003", "size": 39669, "path": "media/images/roc_curve_8_0e000136cd5d4a71e474.png", "format": "png", "width": 1000, "height": 700}, "precision": 0.493374035120889, "recall": 0.4209563254829192, "f1_score": 0.4309487688888223, "fraction": 0.3, "_timestamp": 1692115612.102495, "_runtime": 45198.00276398659, "_step": 8, "_wandb": {"runtime": 81541}}