{"precision": 0.6252640554774649, "recall": 0.21332424011446763, "f1_score": 0.3044855065226938, "fraction": 0.3, "_timestamp": 1691581371.36221, "_runtime": 26510.775516986847, "_step": 8, "_wandb": {"runtime": 41299}}